source_column,point_id,label,brick_class,unit,owner_id,openfdd_role,timeseries_id,notes
50ahu2aalrm,AHU_2_Alarm,50Ahu2Aalrm,Alarm,,AHU_2,,afeb532c-20a8-5f82-a9b6-a6a197ebfde5,
bld_p_setpoint_inwc,AHU_2_BLD_P_SP,AHU2 BLD-P SetPoint,Building_Air_Static_Pressure_Setpoint,IN_H2O,AHU_2,,9d9ac29b-70dd-58dc-8f07-5af6962bbc10,
bld_pressure_inwc,AHU_2_BLD_P,AHU2 BLD-Pressure,Building_Air_Static_Pressure_Sensor,IN_H2O,AHU_2,,59eb637b-a4e9-559b-a812-764b73a3db73,
chw_valve_pct,AHU_2_CHW_Valve_Cmd,AHU2 CHW-Valve,Valve_Position_Command,PERCENT,AHU_2_CHW_Valve,cooling-valve,4ea00c41-dad6-5e68-a596-ee427ce5cbd6,
da_p_inwc,AHU_2_DA_P,AHU2 DA-P,Supply_Air_Static_Pressure_Sensor,IN_H2O,AHU_2,duct-static-pressure,f8a0d594-2fff-567a-9853-71ba66233eba,
da_p_setpoint_inwc,AHU_2_DA_P_SP,AHU2 DA-P SetPoint,Supply_Air_Static_Pressure_Setpoint,IN_H2O,AHU_2,duct-static-pressure-sp,0c281cac-4d5e-5892-9456-bb9d1038fae8,
dat_reset_f,AHU_2_DAT_SP,AHU2 DAT Reset,Supply_Air_Temperature_Setpoint,DEG_F,AHU_2,discharge-air-temp-sp,19b4ea4c-650f-5ace-ae20-999f07070d2a,
dat_x1_f,AHU_2_DAT_Reset_OAT_Low,AHU2 DAT X1,Outside_Air_Temperature_Low_Reset_Setpoint,DEG_F,AHU_2,,d142e024-fa84-5fc8-9589-837b9e9afa6b,
dat_x2_f,AHU_2_DAT_Reset_OAT_High,AHU2 DAT X2,Outside_Air_Temperature_High_Reset_Setpoint,DEG_F,AHU_2,,9d7f8ff2-1ecf-5d1d-8411-b8832605d23e,
dat_y1_f,AHU_2_DAT_Reset_SAT_High,AHU2 DAT Y1,Supply_Air_Temperature_High_Reset_Setpoint,DEG_F,AHU_2,,1ace7cff-9e4b-55dd-b053-45b9ba5dd61e,
dat_y2_f,AHU_2_DAT_Reset_SAT_Low,AHU2 DAT Y2,Supply_Air_Temperature_Low_Reset_Setpoint,DEG_F,AHU_2,,4c493942-15f5-5d4f-8161-71177e865fc6,
discharge_air_temp_f,AHU_2_DA_T,AHU2 DA-T,Supply_Air_Temperature_Sensor,DEG_F,AHU_2,discharge-air-temp,7ff57cec-853c-56ad-88a7-41eb52dae051,
dischargeair_alarm,AHU_2_DA_Alarm,DischargeAir Alarm,Supply_Air_Temperature_Alarm,,AHU_2,,eb5690f4-01a1-5ada-9843-9617cc042e87,
ex_dmpr_pos_fan_enable_pct,AHU_2_EA_Damper_Fan_Enable_Pos,Ex Dmpr Pos Fan Enable,Damper_Position_Setpoint,PERCENT,AHU_2_EA_Damper,,40e40aab-84ba-5bd6-934b-46d226aaa56e,
lowdapalarm,AHU_2_Low_DA_P_Alarm,LowDapAlarm,Pressure_Alarm,,AHU_2,,6182b8d0-9067-5fa9-b412-31c679a79bad,
mad_c_pct,AHU_2_OA_Damper_Cmd,AHU2 MAD-C,Damper_Position_Command,PERCENT,AHU_2_OA_Damper,outside-air-damper,2073d880-261d-56fc-9d27-655ae5b1e90d,
mixed_air_temp_f,AHU_2_MA_T,AHU2 MA-T,Mixed_Air_Temperature_Sensor,DEG_F,AHU_2,mixed-air-temp,6c34e8ca-1e24-5ace-b45d-933919013d5e,
oa_minimum_position_pct,AHU_2_OA_Damper_Min_Pos,OA Minimum Position,Min_Position_Setpoint_Limit,PERCENT,AHU_2_OA_Damper,,639ea789-6a1d-57d3-b335-064eef478408,
occ_c,AHU_2_Occ_Cmd,AHU2 OCC-C,Occupancy_Command,,AHU_2,occupied,129c2b07-cc64-5610-b8e9-7bb17a059aca,
outside_air_temp_f,AHU_2_OA_T,AHU2 OA-T,Outside_Air_Temperature_Sensor,DEG_F,AHU_2,outside-air-temp,d92093bf-eb08-52ed-b73e-6b830d36630f,
return_air_temp_f,AHU_2_RA_T,AHU2 RA-T,Return_Air_Temperature_Sensor,DEG_F,AHU_2,return-air-temp,e54ba6a3-dac8-53a0-a65b-8393fdac31d1,
return_fan_speed_pct,AHU_2_RF_Speed_Cmd,AHU2 RF-VFD,Fan_Speed_Command,PERCENT,AHU_2_Return_Fan,return-fan-cmd,d4f00be6-e169-57d1-b4f1-92dd57cf4913,
return_fan_status,AHU_2_RF_Status,AHU2 RF-S,Fan_Status,,AHU_2_Return_Fan,,ee891253-5459-53af-b9ae-ef764834006f,
returnfan,AHU_2_RF_Run_Status,ReturnFan,Start_Stop_Status,,AHU_2_Return_Fan,,b899b48c-5d8f-5d43-8ea5-f1d191ef0190,
returnfanaalrm,AHU_2_RF_Alarm,ReturnFanAalrm,Alarm,,AHU_2_Return_Fan,,22fa0ebd-0f7e-5609-8670-687e8bac21c1,
returnfanstatus,AHU_2_RF_OnOff_Status,ReturnFanStatus,Fan_On_Off_Status,,AHU_2_Return_Fan,,a3ab8836-b0a5-5226-b594-6f9b7f480508,
rf_c,AHU_2_RF_Cmd,AHU2 RF-C,Start_Stop_Command,,AHU_2_Return_Fan,,1633cab7-8c12-508c-80a8-a22e517397e2,
sf_c,AHU_2_SF_Cmd,AHU2 SF-C,Start_Stop_Command,,AHU_2_Supply_Fan,,9222d590-1106-5a42-bb70-974ad316c24e,
supply_fan_speed_pct,AHU_2_SF_Speed_Cmd,AHU2 SF-VFD,Fan_Speed_Command,PERCENT,AHU_2_Supply_Fan,fan-cmd,cb64c038-15b1-53f8-bda7-02844fb305d5,
supply_fan_status,AHU_2_SF_Status,AHU2 SF-S,Fan_Status,,AHU_2_Supply_Fan,fan-status,4bac9a08-337e-5f6b-a577-fa044776ab05,
supplyfan,AHU_2_SF_Run_Status,SupplyFan,Start_Stop_Status,,AHU_2_Supply_Fan,,b175d818-09fe-5101-b20c-b823a3e9e9f5,
supplyfanalarm,AHU_2_SF_Alarm,SupplyFanAlarm,Alarm,,AHU_2_Supply_Fan,,1429220d-16f8-5b98-b589-f49e0e4ae726,
supplyfanstatus,AHU_2_SF_OnOff_Status,SupplyfanStatus,Fan_On_Off_Status,,AHU_2_Supply_Fan,,4a519bc4-a32d-5e93-9c00-576bc21dcbd3,
tstat,AHU_2_Tstat_Status,Tstat,Thermostat_Status,,AHU_2,,88db876c-6f81-57dc-b02f-0f69c38f5d7e,
unoccupied_cool_setpt_f,AHU_2_Unocc_Clg_SP,Unoccupied Cool Setpt,Unoccupied_Air_Temperature_Cooling_Setpoint,DEG_F,AHU_2,,483b982a-d515-5e90-b9e7-df244571587b,
