col,point_name,unit,point_role,vav_id,floor,slot_path
50ahu1aalrm,bld_50_AHU_1 50Ahu1Aalrm,,ahu_point,,,building_x/vav/unknown/point_x
bld_p_setpoint_inwc,bld_50_AHU_1 AHU1 BLD-P SetPoint,in/wc,ahu_point,,,building_x/vav/unknown/point_x
bld_pressure_inwc,bld_50_AHU_1 AHU1 BLD-Pressure,in/wc,ahu_point,,,building_x/vav/unknown/point_x
chw_valve_pct,bld_50_AHU_1 AHU1 CHW-Valve,%,chw_valve,,,building_x/vav/unknown/point_x
da_p_inwc,bld_50_AHU_1 AHU1 DA-P,in/wc,ahu_point,,,building_x/vav/unknown/point_x
da_p_setpoint_inwc,bld_50_AHU_1 AHU1 DA-P SetPoint,in/wc,ahu_point,,,building_x/vav/unknown/point_x
dat_reset_f,bld_50_AHU_1 AHU1 DAT Reset,°F,discharge_air_temp,,,building_x/vav/unknown/point_x
dat_x1_f,bld_50_AHU_1 AHU1 DAT X1,°F,discharge_air_temp,,,building_x/vav/unknown/point_x
dat_x2_f,bld_50_AHU_1 AHU1 DAT X2,°F,discharge_air_temp,,,building_x/vav/unknown/point_x
dat_y1_f,bld_50_AHU_1 AHU1 DAT Y1,°F,discharge_air_temp,,,building_x/vav/unknown/point_x
dat_y2_f,bld_50_AHU_1 AHU1 DAT Y2,°F,discharge_air_temp,,,building_x/vav/unknown/point_x
discharge_air_temp_f,bld_50_AHU_1 AHU1 DA-T,°F,discharge_air_temp,,,building_x/vav/unknown/point_x
dischargeair_alarm,bld_50_AHU_1 DischargeAir Alarm,,discharge_air_temp,,,building_x/vav/unknown/point_x
ex_dmpr_pos_fan_enable_pct,bld_50_AHU_1 Ex Dmpr Pos Fan Enable,%,damper,,,building_x/vav/unknown/point_x
hu_50_duration_n_emergency_inactive_pointemergencyoverride_self,bld_50_AHU_1 HU_50,"$duration)\""\n\""Emergency Inactive\"",\""pointEmergencyOverride($self",ahu_point,,,building_x/vav/unknown/point_x
lowdapalarm,bld_50_AHU_1 LowDapAlarm,,ahu_point,,,building_x/vav/unknown/point_x
mad_c,bld_50_AHU_1 AHU1 MAD-C,,ahu_point,,,building_x/vav/unknown/point_x
mixed_air_temp_f,bld_50_AHU_1 AHU1 MA-T,°F,mixed_air_temp,,,building_x/vav/unknown/point_x
oa_minimum_position_pct,bld_50_AHU_1 OA Minimum Position,%,ahu_point,,,building_x/vav/unknown/point_x
occ_c,bld_50_AHU_1 AHU1 OCC-C,,ahu_point,,,building_x/vav/unknown/point_x
outside_air_temp_f,bld_50_AHU_1 AHU1 OA-T,°F,outside_air_temp,,,building_x/vav/unknown/point_x
return_air_temp_f,bld_50_AHU_1 AHU1 RA-T,°F,return_air_temp,,,building_x/vav/unknown/point_x
return_fan_speed_pct,bld_50_AHU_1 AHU1 RF-VFD,%,return_fan,,,building_x/vav/unknown/point_x
return_fan_status,bld_50_AHU_1 AHU1 RF-S,,ahu_point,,,building_x/vav/unknown/point_x
returnfan,bld_50_AHU_1 ReturnFan,,ahu_point,,,building_x/vav/unknown/point_x
returnfanaalrm,bld_50_AHU_1 ReturnFanAalrm,,ahu_point,,,building_x/vav/unknown/point_x
returnfanstatus,bld_50_AHU_1 ReturnFanStatus,,ahu_point,,,building_x/vav/unknown/point_x
rf_c,bld_50_AHU_1 AHU1 RF-C,,ahu_point,,,building_x/vav/unknown/point_x
roomname_c_drivers_bmsnetwork_commercial_site_points_bld_50_ahu_1_equip,bld_50_AHU_1 RoomName,@C.Drivers.bmsNetwork.commercial_site.points.bld_50_AHU_1.equip,ahu_point,,,building_x/vav/unknown/point_x
sf_c,bld_50_AHU_1 AHU1 SF-C,,ahu_point,,,building_x/vav/unknown/point_x
supply_fan_speed_pct,bld_50_AHU_1 AHU1 SF-VFD,%,supply_fan,,,building_x/vav/unknown/point_x
supply_fan_status,bld_50_AHU_1 AHU1 SF-S,,ahu_point,,,building_x/vav/unknown/point_x
supplyfan,bld_50_AHU_1 SupplyFan,,ahu_point,,,building_x/vav/unknown/point_x
supplyfanalarm,bld_50_AHU_1 SupplyFanAlarm,,ahu_point,,,building_x/vav/unknown/point_x
supplyfanstatus,bld_50_AHU_1 SupplyfanStatus,,ahu_point,,,building_x/vav/unknown/point_x
title,bld_50_AHU_1 Title,,ahu_point,,,building_x/vav/unknown/point_x
tstat,bld_50_AHU_1 Tstat,,ahu_point,,,building_x/vav/unknown/point_x
unoccupied_cool_setpt_f,bld_50_AHU_1 Unoccupied Cool Setpt,°F,ahu_point,,,building_x/vav/unknown/point_x
zone_t50_first_floor_vav_100_space_temp_f,bld_100_BOILERS_PUMPS SpaceTemp,°F,zone_temp,VAV_100,First Floor,building_x/vav/vav_100/point_x
zone_t50_first_floor_vav_104_space_temp_f,bld_100_BOILERS_PUMPS SpaceTemp,°F,zone_temp,VAV_104,First Floor,building_x/vav/vav_104/point_x
zone_t50_first_floor_vav_105_space_temp_f,bld_100_BOILERS_PUMPS SpaceTemp,°F,zone_temp,VAV_105,First Floor,building_x/vav/vav_105/point_x
zone_t50_first_floor_vav_107_space_temp_f,SpaceTemp,°F,zone_temp,VAV_107,First Floor,building_x/vav/vav_107/point_x
zone_t50_first_floor_vav_107_space_temp_f_2,bld_100_BOILERS_PUMPS SpaceTemp,°F,zone_temp,VAV_107,First Floor,building_x/vav/vav_107/point_x
zone_t50_first_floor_vav_111_space_temp_f,bld_100_BOILERS_PUMPS SpaceTemp,°F,zone_temp,VAV_111,First Floor,building_x/vav/vav_111/point_x
zone_t50_first_floor_vav_116_space_temp_f,bld_100_BOILERS_PUMPS SpaceTemp,°F,zone_temp,VAV_116,First Floor,building_x/vav/vav_116/point_x
zone_t50_first_floor_vav_120_space_temp_f,bld_100_BOILERS_PUMPS SpaceTemp,°F,zone_temp,VAV_120,First Floor,building_x/vav/vav_120/point_x
zone_t50_first_floor_vav_121_space_temp_f,bld_100_BOILERS_PUMPS SpaceTemp,°F,zone_temp,VAV_121,First Floor,building_x/vav/vav_121/point_x
zone_t50_first_floor_vav_124_space_temp_f,bld_100_BOILERS_PUMPS SpaceTemp,°F,zone_temp,VAV_124,First Floor,building_x/vav/vav_124/point_x
zone_t50_first_floor_vavfc_125_space_temp_f,bld_100_BOILERS_PUMPS SpaceTemp,°F,zone_temp,VAVFC_125,First Floor,building_x/vav/vavfc_125/point_x
zone_t50_first_floor_vavh_102_space_temp_f,bld_100_BOILERS_PUMPS SpaceTemp,°F,zone_temp,VAVH_102,First Floor,building_x/vav/vavh_102/point_x
zone_t50_first_floor_vavh_122_space_temp_f,bld_100_BOILERS_PUMPS SpaceTemp,°F,zone_temp,VAVH_122,First Floor,building_x/vav/vavh_122/point_x
zone_t50_first_floor_vavhm_110_space_temp_f,bld_100_BOILERS_PUMPS SpaceTemp,°F,zone_temp,,First Floor,building_x/vav/unknown/point_x
zone_t50_first_floor_vavm_123_space_temp_f,bld_100_BOILERS_PUMPS SpaceTemp,°F,zone_temp,VAVM_123,First Floor,building_x/vav/vavm_123/point_x
zone_t50_nan_pt6969_space_temp_f,bld_50_AHU_1 AHU1 ZN-T,°F,zone_temp,,,building_x/vav/unknown/point_x
zone_t50_second_floor_vav_213_space_temp_f,bld_100_BOILERS_PUMPS SpaceTemp,°F,zone_temp,VAV_213,Second Floor,building_x/vav/vav_213/point_x
zone_t50_second_floor_vavh_215_space_temp_f,bld_100_BOILERS_PUMPS SpaceTemp,°F,zone_temp,VAVH_215,Second Floor,building_x/vav/vavh_215/point_x
zone_t50_third_floor_vav_2d301_space_temp_f,bld_100_BOILERS_PUMPS SpaceTemp,°F,zone_temp,,Third Floor,building_x/vav/unknown/point_x
zone_t50_third_floor_vav_2d303_space_temp_f,bld_100_BOILERS_PUMPS SpaceTemp,°F,zone_temp,,Third Floor,building_x/vav/unknown/point_x
zone_t50_third_floor_vav_2d304_space_temp_f,bld_100_BOILERS_PUMPS SpaceTemp,°F,zone_temp,,Third Floor,building_x/vav/unknown/point_x
zone_t50_third_floor_vav_2d305_space_temp_f,bld_100_BOILERS_PUMPS SpaceTemp,°F,zone_temp,,Third Floor,building_x/vav/unknown/point_x
zone_t50_third_floor_vav_2d307_space_temp_f,bld_100_BOILERS_PUMPS SpaceTemp,°F,zone_temp,,Third Floor,building_x/vav/unknown/point_x
zone_t50_third_floor_vav_2d308_space_temp_f,bld_100_BOILERS_PUMPS SpaceTemp,°F,zone_temp,,Third Floor,building_x/vav/unknown/point_x
zone_t50_third_floor_vav_2d309_space_temp_f,bld_100_BOILERS_PUMPS SpaceTemp,°F,zone_temp,,Third Floor,building_x/vav/unknown/point_x
zone_t50_third_floor_vav_2d310_space_temp_f,bld_100_BOILERS_PUMPS SpaceTemp,°F,zone_temp,,Third Floor,building_x/vav/unknown/point_x
zone_t50_third_floor_vav_2d312_space_temp_f,bld_100_BOILERS_PUMPS SpaceTemp,°F,zone_temp,,Third Floor,building_x/vav/unknown/point_x
zone_t50_third_floor_vav_2d314_space_temp_f,bld_100_BOILERS_PUMPS SpaceTemp,°F,zone_temp,,Third Floor,building_x/vav/unknown/point_x
zone_t50_third_floor_vav_2d315_space_temp_f,bld_100_BOILERS_PUMPS SpaceTemp,°F,zone_temp,,Third Floor,building_x/vav/unknown/point_x
zone_t50_third_floor_vav_2d317_space_temp_f,bld_100_BOILERS_PUMPS SpaceTemp,°F,zone_temp,,Third Floor,building_x/vav/unknown/point_x
zone_t50_third_floor_vav_2d318_space_temp_f,bld_100_BOILERS_PUMPS SpaceTemp,°F,zone_temp,,Third Floor,building_x/vav/unknown/point_x
zone_t50_third_floor_vav_2d320_space_temp_f,bld_100_BOILERS_PUMPS SpaceTemp,°F,zone_temp,,Third Floor,building_x/vav/unknown/point_x
zone_t50_third_floor_vav_2d321_space_temp_f,bld_100_BOILERS_PUMPS SpaceTemp,°F,zone_temp,,Third Floor,building_x/vav/unknown/point_x
zone_t50_third_floor_vav_2d322_space_temp_f,bld_100_BOILERS_PUMPS SpaceTemp,°F,zone_temp,,Third Floor,building_x/vav/unknown/point_x
zone_t50_third_floor_vav_2d323_space_temp_f,bld_100_BOILERS_PUMPS SpaceTemp,°F,zone_temp,,Third Floor,building_x/vav/unknown/point_x
zone_t50_third_floor_vav_2d327_space_temp_f,bld_100_BOILERS_PUMPS SpaceTemp,°F,zone_temp,,Third Floor,building_x/vav/unknown/point_x
zone_t50_third_floor_vav_2d328_space_temp_f,bld_100_BOILERS_PUMPS SpaceTemp,°F,zone_temp,,Third Floor,building_x/vav/unknown/point_x
zone_t50_third_floor_vav_2d329_space_temp_f,bld_100_BOILERS_PUMPS SpaceTemp,°F,zone_temp,,Third Floor,building_x/vav/unknown/point_x
zone_t50_third_floor_vav_2d330_space_temp_f,bld_100_BOILERS_PUMPS SpaceTemp,°F,zone_temp,,Third Floor,building_x/vav/unknown/point_x
zone_t50_third_floor_vav_2d331_space_temp_f,bld_100_BOILERS_PUMPS SpaceTemp,°F,zone_temp,,Third Floor,building_x/vav/unknown/point_x
zone_t50_third_floor_vavh_2d302_space_temp_f,bld_100_BOILERS_PUMPS SpaceTemp,°F,zone_temp,,Third Floor,building_x/vav/unknown/point_x
zone_t50_third_floor_vavh_2d306_space_temp_f,bld_100_BOILERS_PUMPS SpaceTemp,°F,zone_temp,,Third Floor,building_x/vav/unknown/point_x
zone_t50_third_floor_vavh_2d311_space_temp_f,bld_100_BOILERS_PUMPS SpaceTemp,°F,zone_temp,,Third Floor,building_x/vav/unknown/point_x
zone_t50_third_floor_vavh_2d313_space_temp_f,bld_100_BOILERS_PUMPS SpaceTemp,°F,zone_temp,,Third Floor,building_x/vav/unknown/point_x
zone_t50_third_floor_vavh_2d316_space_temp_f,bld_100_BOILERS_PUMPS SpaceTemp,°F,zone_temp,,Third Floor,building_x/vav/unknown/point_x
zone_t50_third_floor_vavh_2d319_space_temp_f,bld_100_BOILERS_PUMPS SpaceTemp,°F,zone_temp,,Third Floor,building_x/vav/unknown/point_x
zone_t50_third_floor_vavh_2d324_space_temp_f,bld_100_BOILERS_PUMPS SpaceTemp,°F,zone_temp,,Third Floor,building_x/vav/unknown/point_x
zone_t50_third_floor_vavh_2d325_space_temp_f,bld_100_BOILERS_PUMPS SpaceTemp,°F,zone_temp,,Third Floor,building_x/vav/unknown/point_x
zone_t50_third_floor_vavh_2d326_space_temp_f,bld_100_BOILERS_PUMPS SpaceTemp,°F,zone_temp,,Third Floor,building_x/vav/unknown/point_x
