start_time_utc,end_time_utc,hvac_system,rule_name,label,duration_min,sample_count
2026-07-15 22:44:01+00:00,2026-07-15 23:13:38+00:00,bld_50_AHU_1,fc13,bld 50 AHU-1,29.60717928333333,2
2026-07-15 20:43:10+00:00,2026-07-15 23:13:38+00:00,bld_50_AHU_1,fc13,bld 50 AHU-1,150.468119,9
2026-07-15 18:42:22+00:00,2026-07-15 23:13:38+00:00,bld_50_AHU_1,fc13,bld 50 AHU-1,271.2650174166667,16
2026-07-13 01:24:11+00:00,2026-07-13 01:39:22+00:00,bld_50_AHU_1,fc13,bld 50 AHU-1,15.196173883333334,2
2026-07-12 23:39:15+00:00,2026-07-13 01:08:58+00:00,bld_50_AHU_1,fc1,bld 50 AHU-1,89.72545836666667,6
2026-07-12 23:39:15+00:00,2026-07-13 01:39:22+00:00,bld_50_AHU_1,fc13,bld 50 AHU-1,120.12631651666668,8
2026-07-06 10:14:47+00:00,2026-07-06 10:45:16+00:00,bld_50_AHU_1,fc1,bld 50 AHU-1,30.49855618333333,3
2026-07-06 10:14:47+00:00,2026-07-06 11:00:30+00:00,bld_50_AHU_1,fc13,bld 50 AHU-1,45.73052826666667,4
2026-07-02 20:21:45+00:00,2026-07-02 22:21:59+00:00,bld_50_AHU_1,fc13,bld 50 AHU-1,120.22818453333332,7
2026-07-01 21:55:17+00:00,2026-07-01 22:54:27+00:00,bld_50_AHU_1,fc13,bld 50 AHU-1,59.16199066666666,4
2026-07-01 20:54:34+00:00,2026-07-01 22:54:27+00:00,bld_50_AHU_1,fc13,bld 50 AHU-1,119.8897524,8
2026-06-30 22:58:38+00:00,2026-06-30 23:13:49+00:00,bld_50_AHU_1,fc13,bld 50 AHU-1,15.182163833333334,2
2026-06-30 20:58:22+00:00,2026-06-30 23:13:49+00:00,bld_50_AHU_1,fc13,bld 50 AHU-1,135.44698311666667,8
2026-06-30 00:01:40+00:00,2026-06-30 00:01:40+00:00,bld_50_AHU_1,fc1,bld 50 AHU-1,0.0,1
2026-06-29 22:47:16+00:00,2026-06-29 23:46:31+00:00,bld_50_AHU_1,fc13,bld 50 AHU-1,59.2569675,4
2026-06-29 22:47:16+00:00,2026-06-30 00:01:40+00:00,bld_50_AHU_1,fc1,bld 50 AHU-1,74.40814358333334,5
2026-06-29 21:02:11+00:00,2026-06-29 23:46:31+00:00,bld_50_AHU_1,fc13,bld 50 AHU-1,164.33868861666667,9
2026-06-29 20:47:00+00:00,2026-06-30 00:01:40+00:00,bld_50_AHU_1,fc1,bld 50 AHU-1,194.6748391333333,11
2026-06-29 19:02:53+00:00,2026-06-30 00:01:40+00:00,bld_50_AHU_1,fc1,bld 50 AHU-1,298.7879411833334,17
2026-06-29 01:35:07+00:00,2026-06-29 02:19:04+00:00,bld_50_AHU_1,fc1,bld 50 AHU-1,43.964098066666665,3
2026-06-20 14:33:23+00:00,2026-06-20 16:33:14+00:00,bld_50_AHU_1,fc13,bld 50 AHU-1,119.8469975,8
2026-06-15 19:57:00+00:00,2026-06-15 19:57:00+00:00,bld_50_AHU_1,sensor_bounds,bld 50 AHU-1,0.0,1
2026-06-15 11:30:39+00:00,2026-06-15 11:46:05+00:00,bld_50_AHU_1,fc1,bld 50 AHU-1,15.432390533333336,4
2026-06-15 10:44:05+00:00,2026-06-15 11:46:05+00:00,bld_50_AHU_1,fc1,bld 50 AHU-1,62.0061064,10
2026-06-15 09:57:40+00:00,2026-06-15 11:46:05+00:00,bld_50_AHU_1,fc1,bld 50 AHU-1,108.42524746666666,15
2026-06-11 23:18:28+00:00,2026-06-11 23:28:45+00:00,bld_50_AHU_1,fc13,bld 50 AHU-1,10.279139316666669,3
2026-06-11 22:32:27+00:00,2026-06-11 23:28:45+00:00,bld_50_AHU_1,fc13,bld 50 AHU-1,56.29463745,9
2026-06-11 21:45:14+00:00,2026-06-11 23:28:45+00:00,bld_50_AHU_1,fc13,bld 50 AHU-1,103.51295736666664,15
2026-06-11 20:18:52+00:00,2026-06-11 23:28:45+00:00,bld_50_AHU_1,fc13,bld 50 AHU-1,189.8802256333333,23
2026-06-11 19:39:12+00:00,2026-06-11 23:28:45+00:00,bld_50_AHU_1,fc13,bld 50 AHU-1,229.5439922,27
2026-06-11 18:52:40+00:00,2026-06-11 23:28:45+00:00,bld_50_AHU_1,fc13,bld 50 AHU-1,276.0842942666667,32
2026-06-11 09:30:18+00:00,2026-06-11 09:40:35+00:00,bld_50_AHU_1,fc1,bld 50 AHU-1,10.29036015,3
2026-06-11 09:30:18+00:00,2026-06-11 10:21:53+00:00,bld_50_AHU_1,fc13,bld 50 AHU-1,51.583988866666665,7
2026-06-10 21:52:25+00:00,2026-06-10 22:08:17+00:00,bld_50_AHU_1,fc1,bld 50 AHU-1,15.860017966666668,2
2026-06-10 21:52:25+00:00,2026-06-10 22:38:55+00:00,bld_50_AHU_1,fc13,bld 50 AHU-1,46.49914148333333,4
2026-06-10 21:05:51+00:00,2026-06-10 22:38:55+00:00,bld_50_AHU_1,fc13,bld 50 AHU-1,93.06758248333334,10
2026-06-10 21:05:51+00:00,2026-06-10 22:08:17+00:00,bld_50_AHU_1,fc1,bld 50 AHU-1,62.42845896666667,8
2026-06-10 18:46:01+00:00,2026-06-10 22:38:55+00:00,bld_50_AHU_1,fc13,bld 50 AHU-1,232.90280443333333,27
2026-06-10 18:05:06+00:00,2026-06-10 22:38:55+00:00,bld_50_AHU_1,fc13,bld 50 AHU-1,273.8155833,30
2026-06-10 17:13:16+00:00,2026-06-10 22:38:55+00:00,bld_50_AHU_1,fc13,bld 50 AHU-1,325.6535145333333,36
2026-06-09 21:54:20+00:00,2026-06-09 21:59:29+00:00,bld_50_AHU_1,fc13,bld 50 AHU-1,5.146547016666667,2
2026-06-09 21:08:20+00:00,2026-06-09 21:59:29+00:00,bld_50_AHU_1,fc13,bld 50 AHU-1,51.15333331666667,7
2026-06-09 20:22:22+00:00,2026-06-09 21:59:29+00:00,bld_50_AHU_1,fc13,bld 50 AHU-1,97.10632151666668,13
2026-06-08 22:42:35+00:00,2026-06-08 23:44:27+00:00,bld_50_AHU_1,fc13,bld 50 AHU-1,61.860638216666665,9
2026-06-08 22:01:17+00:00,2026-06-08 23:44:27+00:00,bld_50_AHU_1,fc13,bld 50 AHU-1,103.16472021666668,12
2026-06-08 22:01:17+00:00,2026-06-08 22:01:17+00:00,bld_50_AHU_1,fc1,bld 50 AHU-1,0.0,1
2026-06-08 21:14:51+00:00,2026-06-08 22:01:17+00:00,bld_50_AHU_1,fc1,bld 50 AHU-1,46.427277366666665,4
2026-06-08 21:14:51+00:00,2026-06-08 23:44:27+00:00,bld_50_AHU_1,fc13,bld 50 AHU-1,149.59199758333335,15
2026-06-08 19:37:49+00:00,2026-06-08 22:01:17+00:00,bld_50_AHU_1,fc1,bld 50 AHU-1,143.46792716666667,10
2026-06-08 19:37:49+00:00,2026-06-08 23:44:27+00:00,bld_50_AHU_1,fc13,bld 50 AHU-1,246.6326473833333,21
2026-06-08 19:06:49+00:00,2026-06-08 23:44:27+00:00,bld_50_AHU_1,fc13,bld 50 AHU-1,277.62557021666663,24
2026-06-08 19:06:49+00:00,2026-06-08 22:01:17+00:00,bld_50_AHU_1,fc1,bld 50 AHU-1,174.46085,13
2026-06-08 18:15:46+00:00,2026-06-08 22:01:17+00:00,bld_50_AHU_1,fc1,bld 50 AHU-1,225.5199616666667,17
2026-06-08 18:15:46+00:00,2026-06-08 23:44:27+00:00,bld_50_AHU_1,fc13,bld 50 AHU-1,328.6846818833334,28
2026-06-08 15:45:48+00:00,2026-06-08 23:44:27+00:00,bld_50_AHU_1,fc13,bld 50 AHU-1,478.6422257833333,37
2026-06-08 15:45:48+00:00,2026-06-08 22:01:17+00:00,bld_50_AHU_1,fc1,bld 50 AHU-1,375.4775055666667,26
2026-06-08 14:59:23+00:00,2026-06-08 23:44:27+00:00,bld_50_AHU_1,fc13,bld 50 AHU-1,525.0655388,43
2026-06-08 14:18:08+00:00,2026-06-08 23:44:27+00:00,bld_50_AHU_1,fc13,bld 50 AHU-1,566.3139521833333,48
2026-06-08 12:40:36+00:00,2026-06-08 23:44:27+00:00,bld_50_AHU_1,fc13,bld 50 AHU-1,663.8542478,59
2026-06-08 12:40:36+00:00,2026-06-08 12:45:44+00:00,bld_50_AHU_1,fc1,bld 50 AHU-1,5.138949883333334,2
2026-06-08 11:54:14+00:00,2026-06-08 12:45:44+00:00,bld_50_AHU_1,fc1,bld 50 AHU-1,51.4998358,8
2026-06-08 11:07:48+00:00,2026-06-08 12:45:44+00:00,bld_50_AHU_1,fc1,bld 50 AHU-1,97.93941235,14
2026-06-08 10:21:29+00:00,2026-06-08 12:45:44+00:00,bld_50_AHU_1,fc1,bld 50 AHU-1,144.25400835,20
2026-06-06 09:16:00+00:00,2026-06-06 09:16:00+00:00,bld_50_AHU_1,fc1,bld 50 AHU-1,0.0,1
2026-06-06 09:16:00+00:00,2026-06-06 09:16:00+00:00,bld_50_AHU_1,fc13,bld 50 AHU-1,0.0,1
2026-06-01 19:59:23+00:00,2026-06-01 20:09:33+00:00,bld_50_AHU_1,fc13,bld 50 AHU-1,10.176081466666666,3
2026-06-01 19:11:40+00:00,2026-06-01 20:09:33+00:00,bld_50_AHU_1,fc13,bld 50 AHU-1,57.88877993333333,9
2026-06-01 19:11:40+00:00,2026-06-01 19:26:52+00:00,bld_50_AHU_1,fc1,bld 50 AHU-1,15.195226083333331,4
2026-05-20 02:29:52+00:00,2026-05-20 02:29:52+00:00,bld_50_AHU_1,fc1,bld 50 AHU-1,0.0,1
2026-05-20 01:53:15+00:00,2026-05-20 02:19:45+00:00,bld_50_AHU_1,fc13,bld 50 AHU-1,26.509624366666667,3
2026-05-20 01:53:15+00:00,2026-05-20 02:29:52+00:00,bld_50_AHU_1,fc1,bld 50 AHU-1,36.62074823333333,4
2026-05-20 00:51:40+00:00,2026-05-20 02:19:45+00:00,bld_50_AHU_1,fc13,bld 50 AHU-1,88.09340345000001,9
2026-05-20 00:51:40+00:00,2026-05-20 02:29:52+00:00,bld_50_AHU_1,fc1,bld 50 AHU-1,98.20452731666666,10
2026-05-19 23:55:09+00:00,2026-05-20 02:19:45+00:00,bld_50_AHU_1,fc13,bld 50 AHU-1,144.59966486666664,14
2026-05-19 23:18:54+00:00,2026-05-20 02:29:52+00:00,bld_50_AHU_1,fc1,bld 50 AHU-1,190.96865135,16
2026-05-19 22:42:37+00:00,2026-05-20 02:19:45+00:00,bld_50_AHU_1,fc13,bld 50 AHU-1,217.12974761666663,19
2026-05-19 22:42:37+00:00,2026-05-20 02:29:52+00:00,bld_50_AHU_1,fc1,bld 50 AHU-1,227.2408714833333,20
2026-05-19 22:01:21+00:00,2026-05-20 02:19:45+00:00,bld_50_AHU_1,fc13,bld 50 AHU-1,258.3959698,22
2026-05-19 22:01:21+00:00,2026-05-20 02:29:52+00:00,bld_50_AHU_1,fc1,bld 50 AHU-1,268.50709366666666,23
2026-05-19 20:18:39+00:00,2026-05-20 02:19:45+00:00,bld_50_AHU_1,fc13,bld 50 AHU-1,361.0949707333333,28
2026-05-19 20:18:39+00:00,2026-05-20 02:29:52+00:00,bld_50_AHU_1,fc1,bld 50 AHU-1,371.2060946,29
2026-05-19 19:27:14+00:00,2026-05-20 02:29:52+00:00,bld_50_AHU_1,fc1,bld 50 AHU-1,422.62638755,32
2026-05-19 19:27:14+00:00,2026-05-20 02:19:45+00:00,bld_50_AHU_1,fc13,bld 50 AHU-1,412.5152636833333,31
2026-05-19 18:40:56+00:00,2026-05-20 02:19:45+00:00,bld_50_AHU_1,fc13,bld 50 AHU-1,458.81135055,37
2026-05-19 18:40:56+00:00,2026-05-20 02:29:52+00:00,bld_50_AHU_1,fc1,bld 50 AHU-1,468.92247441666666,38
2026-05-19 17:59:43+00:00,2026-05-20 02:29:52+00:00,bld_50_AHU_1,fc1,bld 50 AHU-1,510.1422792833334,43
2026-05-19 17:59:43+00:00,2026-05-20 02:19:45+00:00,bld_50_AHU_1,fc13,bld 50 AHU-1,500.03115541666665,42
2026-05-19 16:27:12+00:00,2026-05-20 02:19:45+00:00,bld_50_AHU_1,fc13,bld 50 AHU-1,592.5600715666666,52
2026-05-19 01:53:08+00:00,2026-05-19 02:24:23+00:00,bld_50_AHU_1,fc1,bld 50 AHU-1,31.255061066666663,3
2026-05-19 00:00:13+00:00,2026-05-19 02:24:23+00:00,bld_50_AHU_1,fc1,bld 50 AHU-1,144.17131296666668,10
2026-05-18 22:52:53+00:00,2026-05-19 01:37:58+00:00,bld_50_AHU_1,fc13,bld 50 AHU-1,165.08410916666665,10
2026-05-18 22:52:53+00:00,2026-05-19 02:24:23+00:00,bld_50_AHU_1,fc1,bld 50 AHU-1,211.50210481666667,13
2026-05-18 21:51:26+00:00,2026-05-19 01:37:58+00:00,bld_50_AHU_1,fc13,bld 50 AHU-1,226.53715606666668,15
2026-05-18 21:51:26+00:00,2026-05-19 02:24:23+00:00,bld_50_AHU_1,fc1,bld 50 AHU-1,272.95515171666665,18
2026-05-18 20:23:48+00:00,2026-05-19 01:37:58+00:00,bld_50_AHU_1,fc13,bld 50 AHU-1,314.15974181666667,23
2026-05-18 20:18:45+00:00,2026-05-19 02:24:23+00:00,bld_50_AHU_1,fc1,bld 50 AHU-1,365.62861261666666,27
2026-05-18 19:32:27+00:00,2026-05-19 01:37:58+00:00,bld_50_AHU_1,fc13,bld 50 AHU-1,365.5091116,29
2026-05-18 19:32:27+00:00,2026-05-19 02:24:23+00:00,bld_50_AHU_1,fc1,bld 50 AHU-1,411.92710725,32
2026-05-18 18:50:54+00:00,2026-05-19 01:37:58+00:00,bld_50_AHU_1,fc13,bld 50 AHU-1,407.0551335166667,34
2026-05-18 18:50:54+00:00,2026-05-19 02:24:23+00:00,bld_50_AHU_1,fc1,bld 50 AHU-1,453.4731291666667,37
2026-05-18 17:18:18+00:00,2026-05-19 01:37:58+00:00,bld_50_AHU_1,fc13,bld 50 AHU-1,499.65743678333337,39
2026-05-18 17:18:18+00:00,2026-05-19 02:24:23+00:00,bld_50_AHU_1,fc1,bld 50 AHU-1,546.0754324333334,42
2026-05-18 15:45:32+00:00,2026-05-19 02:24:23+00:00,bld_50_AHU_1,fc1,bld 50 AHU-1,638.84612895,49
2026-05-18 15:45:32+00:00,2026-05-19 01:37:58+00:00,bld_50_AHU_1,fc13,bld 50 AHU-1,592.4281333,46
2026-05-18 14:59:16+00:00,2026-05-19 01:37:58+00:00,bld_50_AHU_1,fc13,bld 50 AHU-1,638.6938135500001,50
2026-05-18 14:59:16+00:00,2026-05-19 02:24:23+00:00,bld_50_AHU_1,fc1,bld 50 AHU-1,685.1118091999999,53
2026-05-18 13:21:35+00:00,2026-05-19 02:24:23+00:00,bld_50_AHU_1,fc1,bld 50 AHU-1,782.7921960833334,60
2026-05-18 13:21:35+00:00,2026-05-19 01:37:58+00:00,bld_50_AHU_1,fc13,bld 50 AHU-1,736.3742004333333,57
2026-05-18 12:35:17+00:00,2026-05-19 02:24:23+00:00,bld_50_AHU_1,fc1,bld 50 AHU-1,829.0917004333334,65
2026-05-18 12:35:17+00:00,2026-05-19 01:37:58+00:00,bld_50_AHU_1,fc13,bld 50 AHU-1,782.6737047833334,62
2026-05-18 11:49:04+00:00,2026-05-19 01:37:58+00:00,bld_50_AHU_1,fc13,bld 50 AHU-1,828.8897939666666,68
2026-05-18 11:49:04+00:00,2026-05-19 02:24:23+00:00,bld_50_AHU_1,fc1,bld 50 AHU-1,875.3077896166667,71
2026-05-18 07:01:46+00:00,2026-05-19 02:24:23+00:00,bld_50_AHU_1,fc1,bld 50 AHU-1,1162.615382166667,80
2026-05-18 07:01:46+00:00,2026-05-19 01:37:58+00:00,bld_50_AHU_1,fc13,bld 50 AHU-1,1116.1973865166667,77
2026-05-18 03:56:54+00:00,2026-05-19 02:24:23+00:00,bld_50_AHU_1,fc1,bld 50 AHU-1,1347.4794783,88
2026-05-18 03:56:54+00:00,2026-05-19 01:37:58+00:00,bld_50_AHU_1,fc13,bld 50 AHU-1,1301.06148265,85
2026-05-18 00:14:57+00:00,2026-05-19 00:00:13+00:00,bld_50_AHU_1,fc1,bld 50 AHU-1,1425.2588162333334,87
2026-05-18 00:14:57+00:00,2026-05-19 00:00:13+00:00,bld_50_AHU_1,fc13,bld 50 AHU-1,1425.2588162333334,87
2026-05-17 23:43:49+00:00,2026-05-18 22:52:53+00:00,bld_50_AHU_1,fc1,bld 50 AHU-1,1389.0697539333337,87
2026-05-17 23:43:49+00:00,2026-05-18 22:52:53+00:00,bld_50_AHU_1,fc13,bld 50 AHU-1,1389.0697539333337,87
2026-05-17 22:57:33+00:00,2026-05-18 22:01:35+00:00,bld_50_AHU_1,fc1,bld 50 AHU-1,1384.0313528833333,86
2026-05-17 22:57:33+00:00,2026-05-18 22:01:35+00:00,bld_50_AHU_1,fc13,bld 50 AHU-1,1384.0313528833333,86
2026-05-17 20:59:19+00:00,2026-05-18 19:47:37+00:00,bld_50_AHU_1,fc13,bld 50 AHU-1,1368.2964101166665,81
2026-05-17 20:59:19+00:00,2026-05-18 19:47:37+00:00,bld_50_AHU_1,fc1,bld 50 AHU-1,1368.2964101166665,81
2026-05-17 19:47:02+00:00,2026-05-18 19:01:01+00:00,bld_50_AHU_1,fc1,bld 50 AHU-1,1393.99245205,80
2026-05-17 19:47:02+00:00,2026-05-18 19:01:01+00:00,bld_50_AHU_1,fc13,bld 50 AHU-1,1393.99245205,80
2026-05-17 18:50:39+00:00,2026-05-18 17:49:28+00:00,bld_50_AHU_1,fc13,bld 50 AHU-1,1378.8034463,79
2026-05-17 18:50:39+00:00,2026-05-18 17:49:28+00:00,bld_50_AHU_1,fc1,bld 50 AHU-1,1378.8034463,79
2026-05-17 17:18:05+00:00,2026-05-18 16:21:52+00:00,bld_50_AHU_1,fc13,bld 50 AHU-1,1383.7874192166666,85
2026-05-17 17:18:05+00:00,2026-05-18 16:21:52+00:00,bld_50_AHU_1,fc1,bld 50 AHU-1,1383.7874192166666,85
2026-05-17 16:36:47+00:00,2026-05-18 15:55:39+00:00,bld_50_AHU_1,fc1,bld 50 AHU-1,1398.8593198499998,86
2026-05-17 15:55:17+00:00,2026-05-18 14:59:16+00:00,bld_50_AHU_1,fc1,bld 50 AHU-1,1383.9848061500002,84
2026-05-17 15:55:17+00:00,2026-05-18 14:59:16+00:00,bld_50_AHU_1,fc13,bld 50 AHU-1,1383.9848061500002,84
2026-05-16 15:56:02+00:00,2026-05-16 17:38:39+00:00,bld_50_AHU_1,fc13,bld 50 AHU-1,102.61948768333332,8
2026-05-16 14:38:45+00:00,2026-05-16 17:38:39+00:00,bld_50_AHU_1,fc13,bld 50 AHU-1,179.9032237333333,15
2026-05-16 13:42:22+00:00,2026-05-16 17:38:39+00:00,bld_50_AHU_1,fc13,bld 50 AHU-1,236.27560166666663,20
2026-05-16 11:18:38+00:00,2026-05-16 11:33:48+00:00,bld_50_AHU_1,fc13,bld 50 AHU-1,15.164289966666669,4
2026-05-16 10:32:25+00:00,2026-05-16 11:33:48+00:00,bld_50_AHU_1,fc13,bld 50 AHU-1,61.383194933333336,9
2026-05-15 21:36:18+00:00,2026-05-15 22:48:40+00:00,bld_50_AHU_1,fc13,bld 50 AHU-1,72.36645270000001,3
2026-05-15 21:36:18+00:00,2026-05-15 22:48:40+00:00,bld_50_AHU_1,fc1,bld 50 AHU-1,72.36645270000001,3
2026-05-15 20:39:52+00:00,2026-05-15 22:48:40+00:00,bld_50_AHU_1,fc13,bld 50 AHU-1,128.80640036666668,8
2026-05-15 20:39:52+00:00,2026-05-15 22:48:40+00:00,bld_50_AHU_1,fc1,bld 50 AHU-1,128.80640036666668,8
2026-05-15 19:43:25+00:00,2026-05-15 22:48:40+00:00,bld_50_AHU_1,fc13,bld 50 AHU-1,185.25534146666664,16
2026-05-14 13:59:55+00:00,2026-05-14 14:04:58+00:00,bld_50_AHU_1,fc13,bld 50 AHU-1,5.0508461166666665,2
2026-05-12 17:56:18+00:00,2026-05-12 18:27:23+00:00,bld_50_AHU_1,fc13,bld 50 AHU-1,31.086872316666664,2
2026-05-12 17:56:18+00:00,2026-05-12 17:56:18+00:00,bld_50_AHU_1,fc1,bld 50 AHU-1,0.0,1
2026-05-12 16:28:42+00:00,2026-05-12 18:27:23+00:00,bld_50_AHU_1,fc13,bld 50 AHU-1,118.68442788333331,11
2026-05-12 16:28:42+00:00,2026-05-12 17:56:18+00:00,bld_50_AHU_1,fc1,bld 50 AHU-1,87.59755556666667,10
2026-05-12 15:37:20+00:00,2026-05-12 18:27:23+00:00,bld_50_AHU_1,fc13,bld 50 AHU-1,170.0505224,16
2026-05-12 15:32:17+00:00,2026-05-12 17:56:18+00:00,bld_50_AHU_1,fc1,bld 50 AHU-1,144.02096681666666,16
2026-05-12 14:46:03+00:00,2026-05-12 17:56:18+00:00,bld_50_AHU_1,fc1,bld 50 AHU-1,190.25040075,22
2026-05-12 13:18:32+00:00,2026-05-12 17:56:18+00:00,bld_50_AHU_1,fc1,bld 50 AHU-1,277.7711794166667,30
2026-05-12 12:27:11+00:00,2026-05-12 17:56:18+00:00,bld_50_AHU_1,fc1,bld 50 AHU-1,329.1191967666667,36
2026-05-12 11:40:54+00:00,2026-05-12 17:56:18+00:00,bld_50_AHU_1,fc1,bld 50 AHU-1,375.3938016166667,42
2026-05-12 10:54:39+00:00,2026-05-12 17:56:18+00:00,bld_50_AHU_1,fc1,bld 50 AHU-1,421.64477976666666,48
2026-05-12 09:22:05+00:00,2026-05-12 17:56:18+00:00,bld_50_AHU_1,fc1,bld 50 AHU-1,514.2131373333334,58
2026-05-11 09:27:48+00:00,2026-05-11 09:32:52+00:00,bld_50_AHU_1,fc1,bld 50 AHU-1,5.0697049666666665,2
2026-05-07 18:57:53+00:00,2026-05-07 19:13:03+00:00,bld_50_AHU_1,fc13,bld 50 AHU-1,15.160124183333332,4
2026-05-05 09:14:49+00:00,2026-05-05 09:19:52+00:00,bld_50_AHU_1,fc1,bld 50 AHU-1,5.051042666666667,2
2026-04-28 09:25:15+00:00,2026-04-28 09:25:15+00:00,bld_50_AHU_1,fc1,bld 50 AHU-1,0.0,1
2026-04-24 19:02:00+00:00,2026-04-24 19:17:14+00:00,bld_50_AHU_1,fc1,bld 50 AHU-1,15.228603933333334,3
2026-04-24 18:16:09+00:00,2026-04-24 18:31:22+00:00,bld_50_AHU_1,fc13,bld 50 AHU-1,15.210950633333336,4
2026-04-24 18:16:09+00:00,2026-04-24 19:17:14+00:00,bld_50_AHU_1,fc1,bld 50 AHU-1,61.08024256666667,9
2026-04-24 17:30:09+00:00,2026-04-24 19:17:14+00:00,bld_50_AHU_1,fc1,bld 50 AHU-1,107.08566618333332,15
2026-04-24 17:20:00+00:00,2026-04-24 18:31:22+00:00,bld_50_AHU_1,fc13,bld 50 AHU-1,71.36270768333334,12
2026-04-23 08:57:49+00:00,2026-04-23 09:07:57+00:00,bld_50_AHU_1,fc1,bld 50 AHU-1,10.141802683333331,3
2026-04-22 16:09:14+00:00,2026-04-22 16:09:14+00:00,bld_50_AHU_1,sensor_bounds,bld 50 AHU-1,0.0,1
2026-04-17 09:23:10+00:00,2026-04-17 09:23:10+00:00,bld_50_AHU_1,fc1,bld 50 AHU-1,0.0,1
2026-04-16 12:55:56+00:00,2026-04-16 12:55:56+00:00,bld_50_AHU_1,economizer_not_used,bld 50 AHU-1,0.0,1
2026-04-13 20:18:42+00:00,2026-04-13 21:36:03+00:00,bld_50_AHU_1,fc13,bld 50 AHU-1,77.34241375,10
2026-04-13 20:18:42+00:00,2026-04-13 21:10:22+00:00,bld_50_AHU_1,fc1,bld 50 AHU-1,51.662818300000005,8
2026-04-13 19:27:38+00:00,2026-04-13 21:10:22+00:00,bld_50_AHU_1,fc1,bld 50 AHU-1,102.73422921666666,13
2026-04-09 15:23:30+00:00,2026-04-09 15:59:18+00:00,bld_50_AHU_1,fc13,bld 50 AHU-1,35.80801098333333,5
