fault_time_utc,hvac_system,rule_name,label,flag_value
2026-07-15 22:40:00+00:00,bld_50_AHU_1,fc13,bld 50 AHU-1,1
2026-07-15 20:40:00+00:00,bld_50_AHU_1,fc13,bld 50 AHU-1,1
2026-07-15 18:40:00+00:00,bld_50_AHU_1,fc13,bld 50 AHU-1,1
2026-07-13 01:35:00+00:00,bld_50_AHU_1,fc13,bld 50 AHU-1,1
2026-07-13 01:20:00+00:00,bld_50_AHU_1,fc13,bld 50 AHU-1,1
2026-07-13 00:50:00+00:00,bld_50_AHU_1,fc13,bld 50 AHU-1,1
2026-07-13 00:50:00+00:00,bld_50_AHU_1,fc1,bld 50 AHU-1,1
2026-07-12 23:50:00+00:00,bld_50_AHU_1,fc13,bld 50 AHU-1,1
2026-07-12 23:50:00+00:00,bld_50_AHU_1,fc1,bld 50 AHU-1,1
2026-07-12 23:35:00+00:00,bld_50_AHU_1,fc13,bld 50 AHU-1,1
2026-07-12 23:35:00+00:00,bld_50_AHU_1,fc1,bld 50 AHU-1,1
2026-07-06 10:30:00+00:00,bld_50_AHU_1,fc1,bld 50 AHU-1,1
2026-07-06 10:30:00+00:00,bld_50_AHU_1,fc13,bld 50 AHU-1,1
2026-07-06 10:10:00+00:00,bld_50_AHU_1,fc13,bld 50 AHU-1,1
2026-07-06 10:10:00+00:00,bld_50_AHU_1,fc1,bld 50 AHU-1,1
2026-07-02 20:20:00+00:00,bld_50_AHU_1,fc13,bld 50 AHU-1,1
2026-07-01 21:55:00+00:00,bld_50_AHU_1,fc13,bld 50 AHU-1,1
2026-07-01 20:50:00+00:00,bld_50_AHU_1,fc13,bld 50 AHU-1,1
2026-06-30 22:55:00+00:00,bld_50_AHU_1,fc13,bld 50 AHU-1,1
2026-06-30 20:55:00+00:00,bld_50_AHU_1,fc13,bld 50 AHU-1,1
2026-06-30 00:00:00+00:00,bld_50_AHU_1,fc1,bld 50 AHU-1,1
2026-06-29 22:45:00+00:00,bld_50_AHU_1,fc13,bld 50 AHU-1,1
2026-06-29 22:45:00+00:00,bld_50_AHU_1,fc1,bld 50 AHU-1,1
2026-06-29 21:00:00+00:00,bld_50_AHU_1,fc1,bld 50 AHU-1,1
2026-06-29 21:00:00+00:00,bld_50_AHU_1,fc13,bld 50 AHU-1,1
2026-06-29 20:45:00+00:00,bld_50_AHU_1,fc1,bld 50 AHU-1,1
2026-06-29 19:00:00+00:00,bld_50_AHU_1,fc1,bld 50 AHU-1,1
2026-06-29 01:50:00+00:00,bld_50_AHU_1,fc1,bld 50 AHU-1,1
2026-06-29 01:35:00+00:00,bld_50_AHU_1,fc1,bld 50 AHU-1,1
2026-06-20 16:00:00+00:00,bld_50_AHU_1,fc13,bld 50 AHU-1,1
2026-06-20 15:00:00+00:00,bld_50_AHU_1,fc13,bld 50 AHU-1,1
2026-06-20 14:45:00+00:00,bld_50_AHU_1,fc13,bld 50 AHU-1,1
2026-06-20 14:30:00+00:00,bld_50_AHU_1,fc13,bld 50 AHU-1,1
2026-06-20 14:00:00+00:00,bld_50_AHU_1,fc13,bld 50 AHU-1,1
2026-06-20 13:00:00+00:00,bld_50_AHU_1,fc13,bld 50 AHU-1,1
2026-06-15 19:55:00+00:00,bld_50_AHU_1,sensor_bounds,bld 50 AHU-1,1
2026-06-15 11:45:00+00:00,bld_50_AHU_1,fc1,bld 50 AHU-1,1
2026-06-15 11:40:00+00:00,bld_50_AHU_1,fc1,bld 50 AHU-1,1
2026-06-15 11:35:00+00:00,bld_50_AHU_1,fc1,bld 50 AHU-1,1
2026-06-15 11:30:00+00:00,bld_50_AHU_1,fc1,bld 50 AHU-1,1
2026-06-15 10:55:00+00:00,bld_50_AHU_1,fc1,bld 50 AHU-1,1
2026-06-15 10:50:00+00:00,bld_50_AHU_1,fc1,bld 50 AHU-1,1
2026-06-15 10:45:00+00:00,bld_50_AHU_1,fc1,bld 50 AHU-1,1
2026-06-15 10:40:00+00:00,bld_50_AHU_1,fc1,bld 50 AHU-1,1
2026-06-15 10:00:00+00:00,bld_50_AHU_1,fc1,bld 50 AHU-1,1
2026-06-15 09:55:00+00:00,bld_50_AHU_1,fc1,bld 50 AHU-1,1
2026-06-11 23:25:00+00:00,bld_50_AHU_1,fc13,bld 50 AHU-1,1
2026-06-11 23:20:00+00:00,bld_50_AHU_1,fc13,bld 50 AHU-1,1
2026-06-11 23:15:00+00:00,bld_50_AHU_1,fc13,bld 50 AHU-1,1
2026-06-11 22:45:00+00:00,bld_50_AHU_1,fc13,bld 50 AHU-1,1
2026-06-11 22:40:00+00:00,bld_50_AHU_1,fc13,bld 50 AHU-1,1
2026-06-11 22:35:00+00:00,bld_50_AHU_1,fc13,bld 50 AHU-1,1
2026-06-11 22:30:00+00:00,bld_50_AHU_1,fc13,bld 50 AHU-1,1
2026-06-11 22:00:00+00:00,bld_50_AHU_1,fc13,bld 50 AHU-1,1
2026-06-11 21:55:00+00:00,bld_50_AHU_1,fc13,bld 50 AHU-1,1
2026-06-11 21:50:00+00:00,bld_50_AHU_1,fc13,bld 50 AHU-1,1
2026-06-11 21:45:00+00:00,bld_50_AHU_1,fc13,bld 50 AHU-1,1
2026-06-11 21:00:00+00:00,bld_50_AHU_1,fc13,bld 50 AHU-1,1
2026-06-11 20:50:00+00:00,bld_50_AHU_1,fc13,bld 50 AHU-1,1
2026-06-11 20:30:00+00:00,bld_50_AHU_1,fc13,bld 50 AHU-1,1
2026-06-11 20:15:00+00:00,bld_50_AHU_1,fc13,bld 50 AHU-1,1
2026-06-11 19:40:00+00:00,bld_50_AHU_1,fc13,bld 50 AHU-1,1
2026-06-11 19:35:00+00:00,bld_50_AHU_1,fc13,bld 50 AHU-1,1
2026-06-11 19:00:00+00:00,bld_50_AHU_1,fc13,bld 50 AHU-1,1
2026-06-11 18:55:00+00:00,bld_50_AHU_1,fc13,bld 50 AHU-1,1
2026-06-11 18:50:00+00:00,bld_50_AHU_1,fc13,bld 50 AHU-1,1
2026-06-11 10:20:00+00:00,bld_50_AHU_1,fc13,bld 50 AHU-1,1
2026-06-11 10:15:00+00:00,bld_50_AHU_1,fc13,bld 50 AHU-1,1
2026-06-11 10:10:00+00:00,bld_50_AHU_1,fc13,bld 50 AHU-1,1
2026-06-11 10:05:00+00:00,bld_50_AHU_1,fc13,bld 50 AHU-1,1
2026-06-11 09:40:00+00:00,bld_50_AHU_1,fc1,bld 50 AHU-1,1
2026-06-11 09:40:00+00:00,bld_50_AHU_1,fc13,bld 50 AHU-1,1
2026-06-11 09:35:00+00:00,bld_50_AHU_1,fc1,bld 50 AHU-1,1
2026-06-11 09:35:00+00:00,bld_50_AHU_1,fc13,bld 50 AHU-1,1
2026-06-11 09:30:00+00:00,bld_50_AHU_1,fc13,bld 50 AHU-1,1
2026-06-11 09:30:00+00:00,bld_50_AHU_1,fc1,bld 50 AHU-1,1
2026-06-10 22:25:00+00:00,bld_50_AHU_1,fc13,bld 50 AHU-1,1
2026-06-10 22:05:00+00:00,bld_50_AHU_1,fc1,bld 50 AHU-1,1
2026-06-10 22:05:00+00:00,bld_50_AHU_1,fc13,bld 50 AHU-1,1
2026-06-10 21:50:00+00:00,bld_50_AHU_1,fc13,bld 50 AHU-1,1
2026-06-10 21:50:00+00:00,bld_50_AHU_1,fc1,bld 50 AHU-1,1
2026-06-10 21:20:00+00:00,bld_50_AHU_1,fc1,bld 50 AHU-1,1
2026-06-10 21:20:00+00:00,bld_50_AHU_1,fc13,bld 50 AHU-1,1
2026-06-10 21:15:00+00:00,bld_50_AHU_1,fc1,bld 50 AHU-1,1
2026-06-10 21:15:00+00:00,bld_50_AHU_1,fc13,bld 50 AHU-1,1
2026-06-10 21:10:00+00:00,bld_50_AHU_1,fc1,bld 50 AHU-1,1
2026-06-10 21:10:00+00:00,bld_50_AHU_1,fc13,bld 50 AHU-1,1
2026-06-10 21:05:00+00:00,bld_50_AHU_1,fc1,bld 50 AHU-1,1
2026-06-10 21:05:00+00:00,bld_50_AHU_1,fc13,bld 50 AHU-1,1
2026-06-10 20:15:00+00:00,bld_50_AHU_1,fc13,bld 50 AHU-1,1
2026-06-10 19:25:00+00:00,bld_50_AHU_1,fc13,bld 50 AHU-1,1
2026-06-10 19:20:00+00:00,bld_50_AHU_1,fc13,bld 50 AHU-1,1
2026-06-10 19:00:00+00:00,bld_50_AHU_1,fc13,bld 50 AHU-1,1
2026-06-10 18:55:00+00:00,bld_50_AHU_1,fc13,bld 50 AHU-1,1
2026-06-10 18:50:00+00:00,bld_50_AHU_1,fc13,bld 50 AHU-1,1
2026-06-10 18:45:00+00:00,bld_50_AHU_1,fc13,bld 50 AHU-1,1
2026-06-10 18:05:00+00:00,bld_50_AHU_1,fc13,bld 50 AHU-1,1
2026-06-10 17:25:00+00:00,bld_50_AHU_1,fc13,bld 50 AHU-1,1
2026-06-10 17:20:00+00:00,bld_50_AHU_1,fc13,bld 50 AHU-1,1
2026-06-10 17:15:00+00:00,bld_50_AHU_1,fc13,bld 50 AHU-1,1
2026-06-10 17:10:00+00:00,bld_50_AHU_1,fc13,bld 50 AHU-1,1
2026-06-09 21:55:00+00:00,bld_50_AHU_1,fc13,bld 50 AHU-1,1
2026-06-09 21:50:00+00:00,bld_50_AHU_1,fc13,bld 50 AHU-1,1
2026-06-09 21:15:00+00:00,bld_50_AHU_1,fc13,bld 50 AHU-1,1
2026-06-09 21:10:00+00:00,bld_50_AHU_1,fc13,bld 50 AHU-1,1
2026-06-09 21:05:00+00:00,bld_50_AHU_1,fc13,bld 50 AHU-1,1
2026-06-09 20:25:00+00:00,bld_50_AHU_1,fc13,bld 50 AHU-1,1
2026-06-09 20:20:00+00:00,bld_50_AHU_1,fc13,bld 50 AHU-1,1
2026-06-08 23:25:00+00:00,bld_50_AHU_1,fc13,bld 50 AHU-1,1
2026-06-08 23:20:00+00:00,bld_50_AHU_1,fc13,bld 50 AHU-1,1
2026-06-08 23:15:00+00:00,bld_50_AHU_1,fc13,bld 50 AHU-1,1
2026-06-08 22:55:00+00:00,bld_50_AHU_1,fc13,bld 50 AHU-1,1
2026-06-08 22:50:00+00:00,bld_50_AHU_1,fc13,bld 50 AHU-1,1
2026-06-08 22:45:00+00:00,bld_50_AHU_1,fc13,bld 50 AHU-1,1
2026-06-08 22:40:00+00:00,bld_50_AHU_1,fc13,bld 50 AHU-1,1
2026-06-08 22:00:00+00:00,bld_50_AHU_1,fc13,bld 50 AHU-1,1
2026-06-08 22:00:00+00:00,bld_50_AHU_1,fc1,bld 50 AHU-1,1
2026-06-08 21:10:00+00:00,bld_50_AHU_1,fc1,bld 50 AHU-1,1
2026-06-08 21:10:00+00:00,bld_50_AHU_1,fc13,bld 50 AHU-1,1
2026-06-08 20:15:00+00:00,bld_50_AHU_1,fc13,bld 50 AHU-1,1
2026-06-08 20:15:00+00:00,bld_50_AHU_1,fc1,bld 50 AHU-1,1
2026-06-08 20:10:00+00:00,bld_50_AHU_1,fc1,bld 50 AHU-1,1
2026-06-08 20:10:00+00:00,bld_50_AHU_1,fc13,bld 50 AHU-1,1
2026-06-08 19:45:00+00:00,bld_50_AHU_1,fc13,bld 50 AHU-1,1
2026-06-08 19:45:00+00:00,bld_50_AHU_1,fc1,bld 50 AHU-1,1
2026-06-08 19:35:00+00:00,bld_50_AHU_1,fc13,bld 50 AHU-1,1
2026-06-08 19:35:00+00:00,bld_50_AHU_1,fc1,bld 50 AHU-1,1
2026-06-08 19:25:00+00:00,bld_50_AHU_1,fc13,bld 50 AHU-1,1
2026-06-08 19:25:00+00:00,bld_50_AHU_1,fc1,bld 50 AHU-1,1
2026-06-08 19:05:00+00:00,bld_50_AHU_1,fc13,bld 50 AHU-1,1
2026-06-08 19:05:00+00:00,bld_50_AHU_1,fc1,bld 50 AHU-1,1
2026-06-08 18:20:00+00:00,bld_50_AHU_1,fc1,bld 50 AHU-1,1
2026-06-08 18:20:00+00:00,bld_50_AHU_1,fc13,bld 50 AHU-1,1
2026-06-08 18:15:00+00:00,bld_50_AHU_1,fc1,bld 50 AHU-1,1
2026-06-08 18:15:00+00:00,bld_50_AHU_1,fc13,bld 50 AHU-1,1
2026-06-08 16:25:00+00:00,bld_50_AHU_1,fc13,bld 50 AHU-1,1
2026-06-08 16:25:00+00:00,bld_50_AHU_1,fc1,bld 50 AHU-1,1
2026-06-08 16:20:00+00:00,bld_50_AHU_1,fc1,bld 50 AHU-1,1
2026-06-08 16:20:00+00:00,bld_50_AHU_1,fc13,bld 50 AHU-1,1
2026-06-08 15:55:00+00:00,bld_50_AHU_1,fc13,bld 50 AHU-1,1
2026-06-08 15:55:00+00:00,bld_50_AHU_1,fc1,bld 50 AHU-1,1
2026-06-08 15:45:00+00:00,bld_50_AHU_1,fc13,bld 50 AHU-1,1
2026-06-08 15:45:00+00:00,bld_50_AHU_1,fc1,bld 50 AHU-1,1
2026-06-08 15:10:00+00:00,bld_50_AHU_1,fc13,bld 50 AHU-1,1
2026-06-08 15:05:00+00:00,bld_50_AHU_1,fc13,bld 50 AHU-1,1
2026-06-08 15:00:00+00:00,bld_50_AHU_1,fc13,bld 50 AHU-1,1
2026-06-08 14:55:00+00:00,bld_50_AHU_1,fc13,bld 50 AHU-1,1
2026-06-08 14:25:00+00:00,bld_50_AHU_1,fc13,bld 50 AHU-1,1
2026-06-08 14:20:00+00:00,bld_50_AHU_1,fc13,bld 50 AHU-1,1
2026-06-08 14:15:00+00:00,bld_50_AHU_1,fc13,bld 50 AHU-1,1
2026-06-08 13:25:00+00:00,bld_50_AHU_1,fc13,bld 50 AHU-1,1
2026-06-08 13:20:00+00:00,bld_50_AHU_1,fc13,bld 50 AHU-1,1
2026-06-08 13:15:00+00:00,bld_50_AHU_1,fc13,bld 50 AHU-1,1
2026-06-08 12:55:00+00:00,bld_50_AHU_1,fc13,bld 50 AHU-1,1
2026-06-08 12:50:00+00:00,bld_50_AHU_1,fc13,bld 50 AHU-1,1
2026-06-08 12:45:00+00:00,bld_50_AHU_1,fc13,bld 50 AHU-1,1
2026-06-08 12:45:00+00:00,bld_50_AHU_1,fc1,bld 50 AHU-1,1
2026-06-08 12:40:00+00:00,bld_50_AHU_1,fc1,bld 50 AHU-1,1
2026-06-08 12:40:00+00:00,bld_50_AHU_1,fc13,bld 50 AHU-1,1
2026-06-08 12:05:00+00:00,bld_50_AHU_1,fc1,bld 50 AHU-1,1
2026-06-08 12:00:00+00:00,bld_50_AHU_1,fc1,bld 50 AHU-1,1
2026-06-08 11:55:00+00:00,bld_50_AHU_1,fc1,bld 50 AHU-1,1
2026-06-08 11:50:00+00:00,bld_50_AHU_1,fc1,bld 50 AHU-1,1
2026-06-08 11:20:00+00:00,bld_50_AHU_1,fc1,bld 50 AHU-1,1
2026-06-08 11:15:00+00:00,bld_50_AHU_1,fc1,bld 50 AHU-1,1
2026-06-08 11:10:00+00:00,bld_50_AHU_1,fc1,bld 50 AHU-1,1
2026-06-08 11:05:00+00:00,bld_50_AHU_1,fc1,bld 50 AHU-1,1
2026-06-08 10:25:00+00:00,bld_50_AHU_1,fc1,bld 50 AHU-1,1
2026-06-08 10:20:00+00:00,bld_50_AHU_1,fc1,bld 50 AHU-1,1
2026-06-06 09:15:00+00:00,bld_50_AHU_1,fc1,bld 50 AHU-1,1
2026-06-06 09:15:00+00:00,bld_50_AHU_1,fc13,bld 50 AHU-1,1
2026-06-01 20:05:00+00:00,bld_50_AHU_1,fc13,bld 50 AHU-1,1
2026-06-01 20:00:00+00:00,bld_50_AHU_1,fc13,bld 50 AHU-1,1
2026-06-01 19:55:00+00:00,bld_50_AHU_1,fc13,bld 50 AHU-1,1
2026-06-01 19:20:00+00:00,bld_50_AHU_1,fc1,bld 50 AHU-1,1
2026-06-01 19:20:00+00:00,bld_50_AHU_1,fc13,bld 50 AHU-1,1
2026-06-01 19:15:00+00:00,bld_50_AHU_1,fc1,bld 50 AHU-1,1
2026-06-01 19:15:00+00:00,bld_50_AHU_1,fc13,bld 50 AHU-1,1
2026-06-01 19:10:00+00:00,bld_50_AHU_1,fc13,bld 50 AHU-1,1
2026-06-01 19:10:00+00:00,bld_50_AHU_1,fc1,bld 50 AHU-1,1
2026-05-20 02:25:00+00:00,bld_50_AHU_1,fc1,bld 50 AHU-1,1
2026-05-20 01:50:00+00:00,bld_50_AHU_1,fc1,bld 50 AHU-1,1
2026-05-20 01:50:00+00:00,bld_50_AHU_1,fc13,bld 50 AHU-1,1
2026-05-20 01:00:00+00:00,bld_50_AHU_1,fc1,bld 50 AHU-1,1
2026-05-20 01:00:00+00:00,bld_50_AHU_1,fc13,bld 50 AHU-1,1
2026-05-20 00:55:00+00:00,bld_50_AHU_1,fc13,bld 50 AHU-1,1
2026-05-20 00:55:00+00:00,bld_50_AHU_1,fc1,bld 50 AHU-1,1
2026-05-20 00:50:00+00:00,bld_50_AHU_1,fc13,bld 50 AHU-1,1
2026-05-20 00:50:00+00:00,bld_50_AHU_1,fc1,bld 50 AHU-1,1
2026-05-19 23:55:00+00:00,bld_50_AHU_1,fc1,bld 50 AHU-1,1
2026-05-19 23:55:00+00:00,bld_50_AHU_1,fc13,bld 50 AHU-1,1
2026-05-19 23:15:00+00:00,bld_50_AHU_1,fc1,bld 50 AHU-1,1
2026-05-19 22:45:00+00:00,bld_50_AHU_1,fc13,bld 50 AHU-1,1
2026-05-19 22:45:00+00:00,bld_50_AHU_1,fc1,bld 50 AHU-1,1
2026-05-19 22:40:00+00:00,bld_50_AHU_1,fc13,bld 50 AHU-1,1
2026-05-19 22:40:00+00:00,bld_50_AHU_1,fc1,bld 50 AHU-1,1
2026-05-19 22:00:00+00:00,bld_50_AHU_1,fc13,bld 50 AHU-1,1
2026-05-19 22:00:00+00:00,bld_50_AHU_1,fc1,bld 50 AHU-1,1
2026-05-19 20:55:00+00:00,bld_50_AHU_1,fc13,bld 50 AHU-1,1
2026-05-19 20:55:00+00:00,bld_50_AHU_1,fc1,bld 50 AHU-1,1
2026-05-19 20:45:00+00:00,bld_50_AHU_1,fc1,bld 50 AHU-1,1
2026-05-19 20:45:00+00:00,bld_50_AHU_1,fc13,bld 50 AHU-1,1
2026-05-19 20:15:00+00:00,bld_50_AHU_1,fc1,bld 50 AHU-1,1
2026-05-19 20:15:00+00:00,bld_50_AHU_1,fc13,bld 50 AHU-1,1
2026-05-19 20:00:00+00:00,bld_50_AHU_1,fc1,bld 50 AHU-1,1
2026-05-19 20:00:00+00:00,bld_50_AHU_1,fc13,bld 50 AHU-1,1
2026-05-19 19:25:00+00:00,bld_50_AHU_1,fc1,bld 50 AHU-1,1
2026-05-19 19:25:00+00:00,bld_50_AHU_1,fc13,bld 50 AHU-1,1
2026-05-19 18:55:00+00:00,bld_50_AHU_1,fc1,bld 50 AHU-1,1
2026-05-19 18:55:00+00:00,bld_50_AHU_1,fc13,bld 50 AHU-1,1
2026-05-19 18:50:00+00:00,bld_50_AHU_1,fc1,bld 50 AHU-1,1
2026-05-19 18:50:00+00:00,bld_50_AHU_1,fc13,bld 50 AHU-1,1
2026-05-19 18:45:00+00:00,bld_50_AHU_1,fc13,bld 50 AHU-1,1
2026-05-19 18:45:00+00:00,bld_50_AHU_1,fc1,bld 50 AHU-1,1
2026-05-19 18:40:00+00:00,bld_50_AHU_1,fc1,bld 50 AHU-1,1
2026-05-19 18:40:00+00:00,bld_50_AHU_1,fc13,bld 50 AHU-1,1
2026-05-19 18:00:00+00:00,bld_50_AHU_1,fc1,bld 50 AHU-1,1
2026-05-19 18:00:00+00:00,bld_50_AHU_1,fc13,bld 50 AHU-1,1
2026-05-19 17:55:00+00:00,bld_50_AHU_1,fc1,bld 50 AHU-1,1
2026-05-19 17:55:00+00:00,bld_50_AHU_1,fc13,bld 50 AHU-1,1
2026-05-19 17:00:00+00:00,bld_50_AHU_1,fc13,bld 50 AHU-1,1
2026-05-19 16:55:00+00:00,bld_50_AHU_1,fc13,bld 50 AHU-1,1
2026-05-19 16:35:00+00:00,bld_50_AHU_1,fc13,bld 50 AHU-1,1
2026-05-19 16:30:00+00:00,bld_50_AHU_1,fc13,bld 50 AHU-1,1
2026-05-19 16:25:00+00:00,bld_50_AHU_1,fc13,bld 50 AHU-1,1
2026-05-19 01:50:00+00:00,bld_50_AHU_1,fc1,bld 50 AHU-1,1
2026-05-19 00:00:00+00:00,bld_50_AHU_1,fc1,bld 50 AHU-1,1
2026-05-18 22:50:00+00:00,bld_50_AHU_1,fc13,bld 50 AHU-1,1
2026-05-18 22:50:00+00:00,bld_50_AHU_1,fc1,bld 50 AHU-1,1
2026-05-18 22:00:00+00:00,bld_50_AHU_1,fc13,bld 50 AHU-1,1
2026-05-18 22:00:00+00:00,bld_50_AHU_1,fc1,bld 50 AHU-1,1
2026-05-18 21:50:00+00:00,bld_50_AHU_1,fc13,bld 50 AHU-1,1
2026-05-18 21:50:00+00:00,bld_50_AHU_1,fc1,bld 50 AHU-1,1
2026-05-18 20:50:00+00:00,bld_50_AHU_1,fc13,bld 50 AHU-1,1
2026-05-18 20:50:00+00:00,bld_50_AHU_1,fc1,bld 50 AHU-1,1
2026-05-18 20:30:00+00:00,bld_50_AHU_1,fc13,bld 50 AHU-1,1
2026-05-18 20:30:00+00:00,bld_50_AHU_1,fc1,bld 50 AHU-1,1
2026-05-18 20:20:00+00:00,bld_50_AHU_1,fc13,bld 50 AHU-1,1
2026-05-18 20:20:00+00:00,bld_50_AHU_1,fc1,bld 50 AHU-1,1
2026-05-18 20:15:00+00:00,bld_50_AHU_1,fc1,bld 50 AHU-1,1
2026-05-18 19:45:00+00:00,bld_50_AHU_1,fc1,bld 50 AHU-1,1
2026-05-18 19:45:00+00:00,bld_50_AHU_1,fc13,bld 50 AHU-1,1
2026-05-18 19:40:00+00:00,bld_50_AHU_1,fc1,bld 50 AHU-1,1
2026-05-18 19:40:00+00:00,bld_50_AHU_1,fc13,bld 50 AHU-1,1
2026-05-18 19:30:00+00:00,bld_50_AHU_1,fc1,bld 50 AHU-1,1
2026-05-18 19:30:00+00:00,bld_50_AHU_1,fc13,bld 50 AHU-1,1
2026-05-18 19:00:00+00:00,bld_50_AHU_1,fc13,bld 50 AHU-1,1
2026-05-18 19:00:00+00:00,bld_50_AHU_1,fc1,bld 50 AHU-1,1
2026-05-18 18:55:00+00:00,bld_50_AHU_1,fc1,bld 50 AHU-1,1
2026-05-18 18:55:00+00:00,bld_50_AHU_1,fc13,bld 50 AHU-1,1
2026-05-18 18:50:00+00:00,bld_50_AHU_1,fc13,bld 50 AHU-1,1
2026-05-18 18:50:00+00:00,bld_50_AHU_1,fc1,bld 50 AHU-1,1
2026-05-18 17:45:00+00:00,bld_50_AHU_1,fc13,bld 50 AHU-1,1
2026-05-18 17:45:00+00:00,bld_50_AHU_1,fc1,bld 50 AHU-1,1
2026-05-18 17:15:00+00:00,bld_50_AHU_1,fc1,bld 50 AHU-1,1
2026-05-18 17:15:00+00:00,bld_50_AHU_1,fc13,bld 50 AHU-1,1
2026-05-18 17:00:00+00:00,bld_50_AHU_1,fc13,bld 50 AHU-1,1
2026-05-18 17:00:00+00:00,bld_50_AHU_1,fc1,bld 50 AHU-1,1
2026-05-18 15:55:00+00:00,bld_50_AHU_1,fc13,bld 50 AHU-1,1
2026-05-18 15:55:00+00:00,bld_50_AHU_1,fc1,bld 50 AHU-1,1
2026-05-18 15:50:00+00:00,bld_50_AHU_1,fc1,bld 50 AHU-1,1
2026-05-18 15:50:00+00:00,bld_50_AHU_1,fc13,bld 50 AHU-1,1
2026-05-18 15:45:00+00:00,bld_50_AHU_1,fc1,bld 50 AHU-1,1
2026-05-18 15:45:00+00:00,bld_50_AHU_1,fc13,bld 50 AHU-1,1
2026-05-18 14:55:00+00:00,bld_50_AHU_1,fc1,bld 50 AHU-1,1
2026-05-18 14:55:00+00:00,bld_50_AHU_1,fc13,bld 50 AHU-1,1
2026-05-18 13:55:00+00:00,bld_50_AHU_1,fc1,bld 50 AHU-1,1
2026-05-18 13:55:00+00:00,bld_50_AHU_1,fc13,bld 50 AHU-1,1
2026-05-18 13:25:00+00:00,bld_50_AHU_1,fc1,bld 50 AHU-1,1
2026-05-18 13:25:00+00:00,bld_50_AHU_1,fc13,bld 50 AHU-1,1
2026-05-18 13:20:00+00:00,bld_50_AHU_1,fc1,bld 50 AHU-1,1
2026-05-18 13:20:00+00:00,bld_50_AHU_1,fc13,bld 50 AHU-1,1
2026-05-18 12:45:00+00:00,bld_50_AHU_1,fc13,bld 50 AHU-1,1
2026-05-18 12:45:00+00:00,bld_50_AHU_1,fc1,bld 50 AHU-1,1
2026-05-18 12:40:00+00:00,bld_50_AHU_1,fc13,bld 50 AHU-1,1
2026-05-18 12:40:00+00:00,bld_50_AHU_1,fc1,bld 50 AHU-1,1
2026-05-18 12:35:00+00:00,bld_50_AHU_1,fc1,bld 50 AHU-1,1
2026-05-18 12:35:00+00:00,bld_50_AHU_1,fc13,bld 50 AHU-1,1
2026-05-18 12:00:00+00:00,bld_50_AHU_1,fc1,bld 50 AHU-1,1
2026-05-18 12:00:00+00:00,bld_50_AHU_1,fc13,bld 50 AHU-1,1
2026-05-18 11:55:00+00:00,bld_50_AHU_1,fc1,bld 50 AHU-1,1
2026-05-18 11:55:00+00:00,bld_50_AHU_1,fc13,bld 50 AHU-1,1
2026-05-18 11:50:00+00:00,bld_50_AHU_1,fc1,bld 50 AHU-1,1
2026-05-18 11:50:00+00:00,bld_50_AHU_1,fc13,bld 50 AHU-1,1
2026-05-18 11:45:00+00:00,bld_50_AHU_1,fc1,bld 50 AHU-1,1
2026-05-18 11:45:00+00:00,bld_50_AHU_1,fc13,bld 50 AHU-1,1
2026-05-18 07:00:00+00:00,bld_50_AHU_1,fc1,bld 50 AHU-1,1
2026-05-18 07:00:00+00:00,bld_50_AHU_1,fc13,bld 50 AHU-1,1
2026-05-18 03:55:00+00:00,bld_50_AHU_1,fc1,bld 50 AHU-1,1
2026-05-18 03:55:00+00:00,bld_50_AHU_1,fc13,bld 50 AHU-1,1
2026-05-18 00:50:00+00:00,bld_50_AHU_1,fc1,bld 50 AHU-1,1
2026-05-18 00:50:00+00:00,bld_50_AHU_1,fc13,bld 50 AHU-1,1
2026-05-18 00:10:00+00:00,bld_50_AHU_1,fc1,bld 50 AHU-1,1
2026-05-18 00:10:00+00:00,bld_50_AHU_1,fc13,bld 50 AHU-1,1
2026-05-18 00:00:00+00:00,bld_50_AHU_1,fc1,bld 50 AHU-1,1
2026-05-18 00:00:00+00:00,bld_50_AHU_1,fc13,bld 50 AHU-1,1
2026-05-17 23:40:00+00:00,bld_50_AHU_1,fc13,bld 50 AHU-1,1
2026-05-17 23:40:00+00:00,bld_50_AHU_1,fc1,bld 50 AHU-1,1
2026-05-17 22:55:00+00:00,bld_50_AHU_1,fc13,bld 50 AHU-1,1
2026-05-17 22:55:00+00:00,bld_50_AHU_1,fc1,bld 50 AHU-1,1
2026-05-17 20:55:00+00:00,bld_50_AHU_1,fc13,bld 50 AHU-1,1
2026-05-17 20:55:00+00:00,bld_50_AHU_1,fc1,bld 50 AHU-1,1
2026-05-17 19:50:00+00:00,bld_50_AHU_1,fc1,bld 50 AHU-1,1
2026-05-17 19:50:00+00:00,bld_50_AHU_1,fc13,bld 50 AHU-1,1
2026-05-17 19:45:00+00:00,bld_50_AHU_1,fc13,bld 50 AHU-1,1
2026-05-17 19:45:00+00:00,bld_50_AHU_1,fc1,bld 50 AHU-1,1
2026-05-17 18:55:00+00:00,bld_50_AHU_1,fc13,bld 50 AHU-1,1
2026-05-17 18:55:00+00:00,bld_50_AHU_1,fc1,bld 50 AHU-1,1
2026-05-17 18:50:00+00:00,bld_50_AHU_1,fc1,bld 50 AHU-1,1
2026-05-17 18:50:00+00:00,bld_50_AHU_1,fc13,bld 50 AHU-1,1
2026-05-17 18:00:00+00:00,bld_50_AHU_1,fc1,bld 50 AHU-1,1
2026-05-17 18:00:00+00:00,bld_50_AHU_1,fc13,bld 50 AHU-1,1
2026-05-17 17:55:00+00:00,bld_50_AHU_1,fc13,bld 50 AHU-1,1
2026-05-17 17:55:00+00:00,bld_50_AHU_1,fc1,bld 50 AHU-1,1
2026-05-17 17:50:00+00:00,bld_50_AHU_1,fc13,bld 50 AHU-1,1
2026-05-17 17:50:00+00:00,bld_50_AHU_1,fc1,bld 50 AHU-1,1
2026-05-17 17:30:00+00:00,bld_50_AHU_1,fc1,bld 50 AHU-1,1
2026-05-17 17:30:00+00:00,bld_50_AHU_1,fc13,bld 50 AHU-1,1
2026-05-17 17:25:00+00:00,bld_50_AHU_1,fc13,bld 50 AHU-1,1
2026-05-17 17:25:00+00:00,bld_50_AHU_1,fc1,bld 50 AHU-1,1
2026-05-17 17:15:00+00:00,bld_50_AHU_1,fc13,bld 50 AHU-1,1
2026-05-17 17:15:00+00:00,bld_50_AHU_1,fc1,bld 50 AHU-1,1
2026-05-17 16:35:00+00:00,bld_50_AHU_1,fc1,bld 50 AHU-1,1
2026-05-17 16:00:00+00:00,bld_50_AHU_1,fc13,bld 50 AHU-1,1
2026-05-17 16:00:00+00:00,bld_50_AHU_1,fc1,bld 50 AHU-1,1
2026-05-17 15:55:00+00:00,bld_50_AHU_1,fc1,bld 50 AHU-1,1
2026-05-17 15:55:00+00:00,bld_50_AHU_1,fc13,bld 50 AHU-1,1
2026-05-17 15:00:00+00:00,bld_50_AHU_1,fc13,bld 50 AHU-1,1
2026-05-17 15:00:00+00:00,bld_50_AHU_1,fc1,bld 50 AHU-1,1
2026-05-16 16:00:00+00:00,bld_50_AHU_1,fc13,bld 50 AHU-1,1
2026-05-16 15:55:00+00:00,bld_50_AHU_1,fc13,bld 50 AHU-1,1
2026-05-16 14:55:00+00:00,bld_50_AHU_1,fc13,bld 50 AHU-1,1
2026-05-16 14:35:00+00:00,bld_50_AHU_1,fc13,bld 50 AHU-1,1
2026-05-16 13:50:00+00:00,bld_50_AHU_1,fc13,bld 50 AHU-1,1
2026-05-16 13:45:00+00:00,bld_50_AHU_1,fc13,bld 50 AHU-1,1
2026-05-16 13:40:00+00:00,bld_50_AHU_1,fc13,bld 50 AHU-1,1
2026-05-16 11:30:00+00:00,bld_50_AHU_1,fc13,bld 50 AHU-1,1
2026-05-16 11:25:00+00:00,bld_50_AHU_1,fc13,bld 50 AHU-1,1
2026-05-16 11:20:00+00:00,bld_50_AHU_1,fc13,bld 50 AHU-1,1
2026-05-16 11:15:00+00:00,bld_50_AHU_1,fc13,bld 50 AHU-1,1
2026-05-16 10:45:00+00:00,bld_50_AHU_1,fc13,bld 50 AHU-1,1
2026-05-16 10:35:00+00:00,bld_50_AHU_1,fc13,bld 50 AHU-1,1
2026-05-16 10:30:00+00:00,bld_50_AHU_1,fc13,bld 50 AHU-1,1
2026-05-15 22:00:00+00:00,bld_50_AHU_1,fc1,bld 50 AHU-1,1
2026-05-15 22:00:00+00:00,bld_50_AHU_1,fc13,bld 50 AHU-1,1
2026-05-15 21:35:00+00:00,bld_50_AHU_1,fc13,bld 50 AHU-1,1
2026-05-15 21:35:00+00:00,bld_50_AHU_1,fc1,bld 50 AHU-1,1
2026-05-15 20:55:00+00:00,bld_50_AHU_1,fc13,bld 50 AHU-1,1
2026-05-15 20:55:00+00:00,bld_50_AHU_1,fc1,bld 50 AHU-1,1
2026-05-15 20:40:00+00:00,bld_50_AHU_1,fc13,bld 50 AHU-1,1
2026-05-15 20:40:00+00:00,bld_50_AHU_1,fc1,bld 50 AHU-1,1
2026-05-15 20:35:00+00:00,bld_50_AHU_1,fc1,bld 50 AHU-1,1
2026-05-15 20:35:00+00:00,bld_50_AHU_1,fc13,bld 50 AHU-1,1
2026-05-15 20:00:00+00:00,bld_50_AHU_1,fc13,bld 50 AHU-1,1
2026-05-15 19:55:00+00:00,bld_50_AHU_1,fc13,bld 50 AHU-1,1
2026-05-15 19:50:00+00:00,bld_50_AHU_1,fc13,bld 50 AHU-1,1
2026-05-15 19:45:00+00:00,bld_50_AHU_1,fc13,bld 50 AHU-1,1
2026-05-15 19:40:00+00:00,bld_50_AHU_1,fc13,bld 50 AHU-1,1
2026-05-14 14:00:00+00:00,bld_50_AHU_1,fc13,bld 50 AHU-1,1
2026-05-14 13:55:00+00:00,bld_50_AHU_1,fc13,bld 50 AHU-1,1
2026-05-12 17:55:00+00:00,bld_50_AHU_1,fc13,bld 50 AHU-1,1
2026-05-12 17:55:00+00:00,bld_50_AHU_1,fc1,bld 50 AHU-1,1
2026-05-12 17:00:00+00:00,bld_50_AHU_1,fc1,bld 50 AHU-1,1
2026-05-12 17:00:00+00:00,bld_50_AHU_1,fc13,bld 50 AHU-1,1
2026-05-12 16:50:00+00:00,bld_50_AHU_1,fc13,bld 50 AHU-1,1
2026-05-12 16:50:00+00:00,bld_50_AHU_1,fc1,bld 50 AHU-1,1
2026-05-12 16:30:00+00:00,bld_50_AHU_1,fc1,bld 50 AHU-1,1
2026-05-12 16:30:00+00:00,bld_50_AHU_1,fc13,bld 50 AHU-1,1
2026-05-12 16:25:00+00:00,bld_50_AHU_1,fc1,bld 50 AHU-1,1
2026-05-12 16:25:00+00:00,bld_50_AHU_1,fc13,bld 50 AHU-1,1
2026-05-12 15:45:00+00:00,bld_50_AHU_1,fc1,bld 50 AHU-1,1
2026-05-12 15:45:00+00:00,bld_50_AHU_1,fc13,bld 50 AHU-1,1
2026-05-12 15:40:00+00:00,bld_50_AHU_1,fc1,bld 50 AHU-1,1
2026-05-12 15:40:00+00:00,bld_50_AHU_1,fc13,bld 50 AHU-1,1
2026-05-12 15:35:00+00:00,bld_50_AHU_1,fc13,bld 50 AHU-1,1
2026-05-12 15:35:00+00:00,bld_50_AHU_1,fc1,bld 50 AHU-1,1
2026-05-12 15:30:00+00:00,bld_50_AHU_1,fc1,bld 50 AHU-1,1
2026-05-12 15:00:00+00:00,bld_50_AHU_1,fc1,bld 50 AHU-1,1
2026-05-12 14:55:00+00:00,bld_50_AHU_1,fc1,bld 50 AHU-1,1
2026-05-12 14:50:00+00:00,bld_50_AHU_1,fc1,bld 50 AHU-1,1
2026-05-12 14:45:00+00:00,bld_50_AHU_1,fc1,bld 50 AHU-1,1
2026-05-12 13:55:00+00:00,bld_50_AHU_1,fc1,bld 50 AHU-1,1
2026-05-12 13:45:00+00:00,bld_50_AHU_1,fc1,bld 50 AHU-1,1
2026-05-12 13:25:00+00:00,bld_50_AHU_1,fc1,bld 50 AHU-1,1
2026-05-12 13:20:00+00:00,bld_50_AHU_1,fc1,bld 50 AHU-1,1
2026-05-12 13:15:00+00:00,bld_50_AHU_1,fc1,bld 50 AHU-1,1
2026-05-12 13:00:00+00:00,bld_50_AHU_1,fc1,bld 50 AHU-1,1
2026-05-12 12:40:00+00:00,bld_50_AHU_1,fc1,bld 50 AHU-1,1
2026-05-12 12:30:00+00:00,bld_50_AHU_1,fc1,bld 50 AHU-1,1
2026-05-12 12:25:00+00:00,bld_50_AHU_1,fc1,bld 50 AHU-1,1
2026-05-12 11:55:00+00:00,bld_50_AHU_1,fc1,bld 50 AHU-1,1
2026-05-12 11:50:00+00:00,bld_50_AHU_1,fc1,bld 50 AHU-1,1
2026-05-12 11:45:00+00:00,bld_50_AHU_1,fc1,bld 50 AHU-1,1
2026-05-12 11:40:00+00:00,bld_50_AHU_1,fc1,bld 50 AHU-1,1
2026-05-12 11:00:00+00:00,bld_50_AHU_1,fc1,bld 50 AHU-1,1
2026-05-12 10:55:00+00:00,bld_50_AHU_1,fc1,bld 50 AHU-1,1
2026-05-12 10:50:00+00:00,bld_50_AHU_1,fc1,bld 50 AHU-1,1
2026-05-12 10:00:00+00:00,bld_50_AHU_1,fc1,bld 50 AHU-1,1
2026-05-12 09:55:00+00:00,bld_50_AHU_1,fc1,bld 50 AHU-1,1
2026-05-12 09:35:00+00:00,bld_50_AHU_1,fc1,bld 50 AHU-1,1
2026-05-12 09:30:00+00:00,bld_50_AHU_1,fc1,bld 50 AHU-1,1
2026-05-12 09:25:00+00:00,bld_50_AHU_1,fc1,bld 50 AHU-1,1
2026-05-12 09:20:00+00:00,bld_50_AHU_1,fc1,bld 50 AHU-1,1
2026-05-11 09:30:00+00:00,bld_50_AHU_1,fc1,bld 50 AHU-1,1
2026-05-11 09:25:00+00:00,bld_50_AHU_1,fc1,bld 50 AHU-1,1
2026-05-07 19:10:00+00:00,bld_50_AHU_1,fc13,bld 50 AHU-1,1
2026-05-07 19:05:00+00:00,bld_50_AHU_1,fc13,bld 50 AHU-1,1
2026-05-07 19:00:00+00:00,bld_50_AHU_1,fc13,bld 50 AHU-1,1
2026-05-07 18:55:00+00:00,bld_50_AHU_1,fc13,bld 50 AHU-1,1
2026-05-05 09:15:00+00:00,bld_50_AHU_1,fc1,bld 50 AHU-1,1
2026-05-05 09:10:00+00:00,bld_50_AHU_1,fc1,bld 50 AHU-1,1
2026-04-28 09:25:00+00:00,bld_50_AHU_1,fc1,bld 50 AHU-1,1
2026-04-27 13:30:00+00:00,bld_50_AHU_1,fc1,bld 50 AHU-1,1
2026-04-25 09:30:00+00:00,bld_50_AHU_1,fc1,bld 50 AHU-1,1
2026-04-24 19:15:00+00:00,bld_50_AHU_1,fc1,bld 50 AHU-1,1
2026-04-24 19:10:00+00:00,bld_50_AHU_1,fc1,bld 50 AHU-1,1
2026-04-24 19:00:00+00:00,bld_50_AHU_1,fc1,bld 50 AHU-1,1
2026-04-24 18:30:00+00:00,bld_50_AHU_1,fc1,bld 50 AHU-1,1
2026-04-24 18:30:00+00:00,bld_50_AHU_1,fc13,bld 50 AHU-1,1
2026-04-24 18:25:00+00:00,bld_50_AHU_1,fc1,bld 50 AHU-1,1
2026-04-24 18:25:00+00:00,bld_50_AHU_1,fc13,bld 50 AHU-1,1
2026-04-24 18:20:00+00:00,bld_50_AHU_1,fc1,bld 50 AHU-1,1
2026-04-24 18:20:00+00:00,bld_50_AHU_1,fc13,bld 50 AHU-1,1
2026-04-24 18:15:00+00:00,bld_50_AHU_1,fc13,bld 50 AHU-1,1
2026-04-24 18:15:00+00:00,bld_50_AHU_1,fc1,bld 50 AHU-1,1
2026-04-24 17:30:00+00:00,bld_50_AHU_1,fc13,bld 50 AHU-1,1
2026-04-24 17:30:00+00:00,bld_50_AHU_1,fc1,bld 50 AHU-1,1
2026-04-24 17:25:00+00:00,bld_50_AHU_1,fc13,bld 50 AHU-1,1
2026-04-24 17:20:00+00:00,bld_50_AHU_1,fc13,bld 50 AHU-1,1
2026-04-23 09:05:00+00:00,bld_50_AHU_1,fc1,bld 50 AHU-1,1
2026-04-23 09:00:00+00:00,bld_50_AHU_1,fc1,bld 50 AHU-1,1
2026-04-23 08:55:00+00:00,bld_50_AHU_1,fc1,bld 50 AHU-1,1
2026-04-22 19:00:00+00:00,bld_50_AHU_1,fc1,bld 50 AHU-1,1
2026-04-22 16:05:00+00:00,bld_50_AHU_1,sensor_bounds,bld 50 AHU-1,1
2026-04-22 09:00:00+00:00,bld_50_AHU_1,fc1,bld 50 AHU-1,1
2026-04-17 09:20:00+00:00,bld_50_AHU_1,fc1,bld 50 AHU-1,1
2026-04-16 12:55:00+00:00,bld_50_AHU_1,economizer_not_used,bld 50 AHU-1,1
2026-04-13 20:55:00+00:00,bld_50_AHU_1,fc1,bld 50 AHU-1,1
2026-04-13 20:55:00+00:00,bld_50_AHU_1,fc13,bld 50 AHU-1,1
2026-04-13 20:50:00+00:00,bld_50_AHU_1,fc1,bld 50 AHU-1,1
2026-04-13 20:50:00+00:00,bld_50_AHU_1,fc13,bld 50 AHU-1,1
2026-04-13 20:40:00+00:00,bld_50_AHU_1,fc13,bld 50 AHU-1,1
2026-04-13 20:40:00+00:00,bld_50_AHU_1,fc1,bld 50 AHU-1,1
2026-04-13 20:20:00+00:00,bld_50_AHU_1,fc1,bld 50 AHU-1,1
2026-04-13 20:20:00+00:00,bld_50_AHU_1,fc13,bld 50 AHU-1,1
2026-04-13 20:15:00+00:00,bld_50_AHU_1,fc13,bld 50 AHU-1,1
2026-04-13 20:15:00+00:00,bld_50_AHU_1,fc1,bld 50 AHU-1,1
2026-04-13 19:55:00+00:00,bld_50_AHU_1,fc1,bld 50 AHU-1,1
2026-04-13 19:35:00+00:00,bld_50_AHU_1,fc1,bld 50 AHU-1,1
2026-04-13 19:30:00+00:00,bld_50_AHU_1,fc1,bld 50 AHU-1,1
2026-04-13 19:25:00+00:00,bld_50_AHU_1,fc1,bld 50 AHU-1,1
2026-04-09 15:55:00+00:00,bld_50_AHU_1,fc13,bld 50 AHU-1,1
2026-04-09 15:50:00+00:00,bld_50_AHU_1,fc13,bld 50 AHU-1,1
2026-04-09 15:45:00+00:00,bld_50_AHU_1,fc13,bld 50 AHU-1,1
2026-04-09 15:40:00+00:00,bld_50_AHU_1,fc13,bld 50 AHU-1,1
2026-04-09 15:20:00+00:00,bld_50_AHU_1,fc13,bld 50 AHU-1,1
